ColumnName,ColumnOrdinal,DataType,ColumnType
TenantId,0,"System.String",string
Timestamp,1,"System.DateTime",datetime
TimeGenerated,2,"System.DateTime",datetime
Url,3,"System.String",string
ActionType,4,"System.String",string
AccountUpn,5,"System.String",string
Workload,6,"System.String",string
NetworkMessageId,7,"System.String",string
IPAddress,8,"System.String",string
ThreatTypes,9,"System.String",string
DetectionMethods,10,"System.String",string
IsClickedThrough,11,"System.SByte",bool
UrlChain,12,"System.String",string
ReportId,13,"System.String",string
AppName,14,"System.String",string
AppVersion,15,"System.String",string
SourceId,16,"System.String",string
SourceSystem,17,"System.String",string
Type,18,"System.String",string